<card flex-direction="column" width="100%" cornerRadius="4">
    <image width="100%" aspect-ratio="4.3" url="https://pt-starimg.didistatic.com/static/starimg/img/15349210037869fUOfOA15D2miyDXqDe.png"/>
    <view width="100%" flex-direction="row" aspect-ratio="7.1" padding="2">
        <view id="bike_xpanel_report_repair" flex-direction="row" height="100%" width="100%" flex-shrink="1" align-items="center" justify-content="center" backgroundColor="#ffffff" onTouch="https://page.xiaojukeji.com/m/htwPassenger.html#/repairs?entrance=6&amp;type=fault">
            <image width="12" height="12" margin-right="3" url="https://pt-starimg.didistatic.com/static/starimg/img/15348631197784kIAIg8aFmFZVTynGO0.png"/>
            <label textColor="#666666" text="单车故障" textSize="12"/>
        </view>
        <view height="100%" width="1px" backgroundColor="#14000000"/>
        <view id="bike_xpanel_report_lock" flex-direction="row" height="100%" width="100%" flex-shrink="1" align-items="center" justify-content="center" backgroundColor="#ffffff" onTouch="https://page.xiaojukeji.com/m/htwPassenger.html#/repairs?entrance=6&amp;type=privateLock">
            <image width="12" height="12" margin-right="3" url="https://pt-starimg.didistatic.com/static/starimg/img/1534863145970JmrFIdO9qTHb2Vu1kIv.png"/>
            <label  textColor="#666666" text="上私锁" textSize="12"/>
        </view>
        <view height="100%" width="1px" backgroundColor="#14000000"/>
        <view  flex-direction="row" height="100%" width="100%" flex-shrink="1" align-items="center" justify-content="center" backgroundColor="#ffffff" onTouch="https://page.xiaojukeji.com/m/htwPassenger.html#/repairs?entrance=6&amp;type=parkOut">
            <image width="12" height="12" margin-right="3" url="https://pt-starimg.didistatic.com/static/starimg/img/1534863163712JJ5htKdTs89urz1jQks.png"/>
            <label textColor="#666666" text="asdasf{d}sfgsdf" highlightTextColor="#33ff33" highlightTextSize="20" highlightTextStyle="bold" textSize="12"/>
        </view>
    </view>
</card>
